{"loss":{"0":0.093371585,"1":0.0356142782,"2":0.0300128013,"3":0.0272590872,"4":0.0254559163,"5":0.0242290515,"6":0.0233529974,"7":0.02264986,"8":0.0221653711,"9":0.0218875464,"10":0.0212014057,"11":0.0210802816,"12":0.0209843423,"13":0.0206283666,"14":0.0204675179,"15":0.0204537176,"16":0.0202338994,"17":0.0200107452,"18":0.0198917221,"19":0.0196549036,"20":0.0196030624,"21":0.0192015171,"22":0.019505905,"23":0.0193564743,"24":0.0191315673,"25":0.0192249827,"26":0.0191387367,"27":0.0189158954,"28":0.0190687943,"29":0.0189672764},"hamming_loss":{"0":0.0168061052,"1":0.0096666245,"2":0.0083680181,"3":0.007714422,"4":0.0073082503,"5":0.0069893161,"6":0.0067890887,"7":0.0065945867,"8":0.0065502506,"9":0.0065173553,"10":0.0064358357,"11":0.0063557434,"12":0.0063171298,"13":0.0062599219,"14":0.0062799486,"15":0.0061354977,"16":0.0061998535,"17":0.0062070079,"18":0.0062270309,"19":0.0061340672,"20":0.0061040334,"21":0.0059896149,"22":0.0061555188,"23":0.0060925926,"24":0.006124055,"25":0.0060768602,"26":0.0061583789,"27":0.0061068954,"28":0.0061040302,"29":0.0061569484},"val_loss":{"0":0.0362459049,"1":0.0286624469,"2":0.0250133127,"3":0.0233814921,"4":0.0220179576,"5":0.021234598,"6":0.0205320809,"7":0.0201762859,"8":0.0201162994,"9":0.0197710637,"10":0.0194712374,"11":0.0193775073,"12":0.0194830652,"13":0.0189916026,"14":0.0190158561,"15":0.0188986324,"16":0.0189177897,"17":0.0188810732,"18":0.0185500253,"19":0.0186350252,"20":0.0185587592,"21":0.0188468527,"22":0.018746525,"23":0.018806994,"24":0.0186633151,"25":0.0189993978,"26":0.0186878368,"27":0.0187282357,"28":0.0187152028,"29":0.0185604561},"val_hamming_loss":{"0":0.0101210847,"1":0.0079533309,"2":0.0066799163,"3":0.0064112474,"4":0.0063450001,"5":0.0060984129,"6":0.0059143947,"7":0.0058628679,"8":0.0058518285,"9":0.0059033534,"10":0.0057966216,"11":0.0057303752,"12":0.0057855803,"13":0.0057193339,"14":0.005719333,"15":0.0057156514,"16":0.0057119722,"17":0.0057266941,"18":0.0056346846,"19":0.0056714877,"20":0.0056567658,"21":0.0056310045,"22":0.005645724,"23":0.0055831582,"24":0.0056052404,"25":0.0056825294,"26":0.0056052408,"27":0.0056383652,"28":0.005645724,"29":0.0055831587}}