{"loss":{"0":0.5497817397,"1":0.4506562054,"2":0.4256076217,"3":0.4134538174,"4":0.4089849293,"5":0.4059745371,"6":0.4037891924,"7":0.4014090598,"8":0.3996480703,"9":0.3977627754,"10":0.3964349329,"11":0.3952136636,"12":0.3950068653,"13":0.3935047984,"14":0.3939900994,"15":0.3933618069,"16":0.3926119208,"17":0.3913273811,"18":0.3906191885,"19":0.3900768459,"20":0.3893620372,"21":0.3893442452,"22":0.3889003694,"23":0.3882974088,"24":0.3884110153,"25":0.387499392,"26":0.3872120976,"27":0.3878026009,"28":0.3872052133,"29":0.3868020475},"hamming_loss":{"0":0.0804093629,"1":0.0465511233,"2":0.0424951166,"3":0.0377697647,"4":0.0335306972,"5":0.0315956548,"6":0.0296305828,"7":0.0272993706,"8":0.0253557544,"9":0.0237296335,"10":0.0226670094,"11":0.0212883074,"12":0.0208964478,"13":0.0200197399,"14":0.0199053269,"15":0.0192016661,"16":0.017944539,"17":0.0166959912,"18":0.015935123,"19":0.0150183821,"20":0.0143905273,"21":0.0140858954,"22":0.0135095296,"23":0.0131991804,"24":0.0133064445,"25":0.0123496493,"26":0.0124554876,"27":0.0125570279,"28":0.012085068,"29":0.0114100231},"val_loss":{"0":0.4720411003,"1":0.4404787719,"2":0.4282204211,"3":0.42751351,"4":0.4224740565,"5":0.4221475124,"6":0.4220432043,"7":0.421071142,"8":0.4208660424,"9":0.4208123982,"10":0.4218297005,"11":0.4251752794,"12":0.4227604568,"13":0.4232872725,"14":0.4235861003,"15":0.4217398167,"16":0.4220658839,"17":0.4192543924,"18":0.4200949669,"19":0.4210904241,"20":0.4226083457,"21":0.4247651696,"22":0.4226261079,"23":0.4222772717,"24":0.4225861132,"25":0.4240668118,"26":0.4252246618,"27":0.4259240329,"28":0.4266774356,"29":0.4295198917},"val_hamming_loss":{"0":0.0361819565,"1":0.0325457267,"2":0.0284862518,"3":0.0248168986,"4":0.0234477911,"5":0.0209929682,"6":0.0204629954,"7":0.0184866264,"8":0.0172720887,"9":0.0140259843,"10":0.0131647717,"11":0.0117367813,"12":0.0126715992,"13":0.0114239482,"14":0.0114717875,"15":0.0100990012,"16":0.0095174992,"17":0.0092230691,"18":0.0084281033,"19":0.0081557548,"20":0.0081594344,"21":0.0080747856,"22":0.0084244218,"23":0.0093813259,"24":0.0091016162,"25":0.0089139137,"26":0.0092635509,"27":0.0091899447,"28":0.0091715427,"29":0.008873431}}