{"loss":{"0":0.0864406824,"1":0.0365153067,"2":0.0294038691,"3":0.0248711426,"4":0.0222477317,"5":0.0202882271,"6":0.0186874382,"7":0.0173997898,"8":0.0167099703,"9":0.0158361178,"10":0.0155282868,"11":0.0148372417,"12":0.0144673213,"13":0.0137389228,"14":0.0139683001,"15":0.0138369268,"16":0.0133863799,"17":0.0131226797,"18":0.0129398638,"19":0.0128358752,"20":0.0128197474,"21":0.0127552049,"22":0.0126473745,"23":0.0126388064,"24":0.0124283414,"25":0.0124823516,"26":0.0119377719,"27":0.0123152006,"28":0.0122483885,"29":0.0120591},"hamming_loss":{"0":0.0162740815,"1":0.010198649,"2":0.0083308313,"3":0.0072267284,"4":0.0067061428,"5":0.0062799463,"6":0.0060310941,"7":0.005712159,"8":0.0056592436,"9":0.0053932299,"10":0.0054575875,"11":0.0052459217,"12":0.0052130255,"13":0.0050056493,"14":0.0051114806,"15":0.0050657173,"16":0.004954163,"17":0.0049083959,"18":0.0048755025,"19":0.0048368881,"20":0.004874073,"21":0.0048683505,"22":0.0048969546,"23":0.0047668107,"24":0.004733914,"25":0.0047610877,"26":0.0045379777,"27":0.0047525051,"28":0.0046752756,"29":0.0045394097},"val_loss":{"0":0.0344078355,"1":0.0275655389,"2":0.0231311787,"3":0.0224436875,"4":0.0206221212,"5":0.0205177199,"6":0.0200283844,"7":0.0200329963,"8":0.0205406435,"9":0.0210450534,"10":0.0219417419,"11":0.0209155791,"12":0.0215170663,"13":0.0220145434,"14":0.0224078372,"15":0.0228408109,"16":0.0233211312,"17":0.0232619457,"18":0.0246378854,"19":0.0249563511,"20":0.0252308249,"21":0.0266882163,"22":0.025182154,"23":0.0264676325,"24":0.025914643,"25":0.0277374815,"26":0.0279390402,"27":0.0275441892,"28":0.0283082966,"29":0.0290451813},"val_hamming_loss":{"0":0.0099186627,"1":0.0081042293,"2":0.0067167217,"3":0.0065363809,"4":0.0062051448,"5":0.006175701,"6":0.0059585585,"7":0.0059769596,"8":0.0060284873,"9":0.0060984138,"10":0.0058923117,"11":0.005774539,"12":0.00577822,"13":0.0058003021,"14":0.0058260658,"15":0.0059622396,"16":0.005965922,"17":0.0058775898,"18":0.005991681,"19":0.0058628693,"20":0.0058702305,"21":0.0061241775,"22":0.0058628698,"23":0.0060432097,"24":0.0059438371,"25":0.0059806416,"26":0.0060505704,"27":0.0058959951,"28":0.0059217555,"29":0.0059291166}}