{"loss":{"0":0.0301726665,"1":0.0303382874,"2":0.0301209539,"3":0.0301870313,"4":0.0299558621,"5":0.0299730077,"6":0.0300651155,"7":0.0298501197,"8":0.0299305767,"9":0.029764628,"10":0.0298833363,"11":0.0297318548,"12":0.0298451539,"13":0.0297463164,"14":0.0297494847,"15":0.029642297,"16":0.0298808571,"17":0.029814437,"18":0.0296633225,"19":0.0296358392,"20":0.0294618681,"21":0.0294465087,"22":0.029518256,"23":0.0294976197,"24":0.029403843,"25":0.0293710176,"26":0.0295448024,"27":0.0295882691,"28":0.0294188224,"29":0.029328065},"hamming_loss":{"0":0.0088499896,"1":0.0088113751,"2":0.0087913517,"3":0.0088414075,"4":0.0087684654,"5":0.0087942099,"6":0.0087913508,"7":0.0087312805,"8":0.0087341415,"9":0.0088213822,"10":0.0088042207,"11":0.0087698968,"12":0.0088242441,"13":0.0087784752,"14":0.0088027911,"15":0.0087956414,"16":0.0087813437,"17":0.0087255612,"18":0.0087026786,"19":0.0086855153,"20":0.0086955279,"21":0.0087184086,"22":0.0086626327,"23":0.0087455846,"24":0.0086683547,"25":0.0087055396,"26":0.0086826533,"27":0.0087927813,"28":0.0086511942,"29":0.0087041063},"val_loss":{"0":0.0283410959,"1":0.0286994949,"2":0.0289635286,"3":0.0283647422,"4":0.0284482054,"5":0.0285593309,"6":0.0285483655,"7":0.0287461691,"8":0.0288516264,"9":0.0288040452,"10":0.0284346621,"11":0.0284832492,"12":0.028508639,"13":0.0285469275,"14":0.0282493532,"15":0.0283715706,"16":0.0283673499,"17":0.0284045674,"18":0.0284842402,"19":0.0287223831,"20":0.0283917319,"21":0.0282962751,"22":0.0287325345,"23":0.0285264254,"24":0.0283752717,"25":0.0286491066,"26":0.0285250973,"27":0.028445065,"28":0.0281584449,"29":0.0284410343},"val_hamming_loss":{"0":0.007725148,"1":0.0080232611,"2":0.0078760423,"3":0.0078870859,"4":0.007868683,"5":0.0079496531,"6":0.0079459725,"7":0.0078466013,"8":0.0078392401,"9":0.0077067479,"10":0.0077214679,"11":0.0079754153,"12":0.0079643736,"13":0.0080048582,"14":0.0077435505,"15":0.0079128481,"16":0.0079128491,"17":0.007905486,"18":0.0079165269,"19":0.0079717357,"20":0.0079349307,"21":0.0077067469,"22":0.0077214679,"23":0.007905487,"24":0.0077141072,"25":0.0078024361,"26":0.0078355577,"27":0.007868682,"28":0.0078870859,"29":0.0079680542}}