{"loss":{"0":0.5833054185,"1":0.5385594964,"2":0.5199699402,"3":0.5095630288,"4":0.5028563142,"5":0.4981687963,"6":0.4936006069,"7":0.4900782108,"8":0.4882754683,"9":0.4860769212,"10":0.4848380089,"11":0.4836344719,"12":0.4819532335,"13":0.4805602729,"14":0.4790942073,"15":0.4770951271,"16":0.4769269526,"17":0.4768233299,"18":0.4754099548,"19":0.4741773307,"20":0.4731879234,"21":0.4722754061,"22":0.4730347395,"23":0.4706054628,"24":0.4709818959,"25":0.4706841111,"26":0.4704722166,"27":0.4703539312,"28":0.4689941704,"29":0.4690081179},"hamming_loss":{"0":0.1162497103,"1":0.1036326587,"2":0.0969708785,"3":0.0939445719,"4":0.0935212746,"5":0.0916162282,"6":0.0930879265,"7":0.0899829492,"8":0.0903991461,"9":0.0894080177,"10":0.0881723985,"11":0.0895067677,"12":0.0883211344,"13":0.0864933059,"14":0.0866763815,"15":0.0873771608,"16":0.0861443579,"17":0.0865318999,"18":0.0862001628,"19":0.0837759897,"20":0.0846083462,"21":0.0854593217,"22":0.0845296904,"23":0.0831466988,"24":0.0844753534,"25":0.0844896287,"26":0.0847084746,"27":0.0854235366,"28":0.0841435343,"29":0.0821354911},"val_loss":{"0":0.5458630323,"1":0.5225461125,"2":0.5112457871,"3":0.5031430125,"4":0.4996974468,"5":0.4941012561,"6":0.4924147725,"7":0.4879998565,"8":0.4885702729,"9":0.4858185053,"10":0.4844183028,"11":0.4848430753,"12":0.4804168642,"13":0.4806527197,"14":0.4786452055,"15":0.4774606228,"16":0.4767138064,"17":0.4769952595,"18":0.4758941233,"19":0.4758350551,"20":0.4744011462,"21":0.4737608135,"22":0.4725744128,"23":0.4733940363,"24":0.4730590582,"25":0.4732176065,"26":0.4721969664,"27":0.4722444713,"28":0.4714632332,"29":0.4715695977},"val_hamming_loss":{"0":0.0882742852,"1":0.0863457546,"2":0.0810165182,"3":0.0763350651,"4":0.0809907615,"5":0.0747856423,"6":0.0795517191,"7":0.0736373439,"8":0.0691987798,"9":0.066869095,"10":0.0698281229,"11":0.0821537673,"12":0.0700783879,"13":0.0737624764,"14":0.0706930012,"15":0.0684295744,"16":0.066552572,"17":0.0759228691,"18":0.0636119395,"19":0.0712487623,"20":0.0693828091,"21":0.0651208982,"22":0.0630598739,"23":0.0711751431,"24":0.0659121871,"25":0.0645578131,"26":0.0710978583,"27":0.067343846,"28":0.0604983345,"29":0.0650289059}}