{"C":{"0":2,"1":4,"2":6,"3":8,"4":10,"5":12,"6":14,"7":16,"8":18,"9":20},"Hamming-Loss":{"0":0.0069817084,"1":0.0067903279,"2":0.0067314416,"3":0.0066541533,"4":0.0066283906,"5":0.0065805454,"6":0.0065511023,"7":0.0065437415,"8":0.0064958964,"9":0.0064664532}}