{"C":{"0":2,"1":4,"2":6,"3":8,"4":10,"5":12,"6":14,"7":16,"8":18,"9":20},"Hamming-Loss":{"0":0.0045600088,"1":0.0044459166,"2":0.0044127931,"3":0.0043686283,"4":0.0043502263,"5":0.0043539067,"6":0.0043318244,"7":0.0043428656,"8":0.0043796695,"9":0.0044201538}}