{"loss":{"0":0.0384412371,"1":0.0156561788,"2":0.013614987,"3":0.0124040684,"4":0.0114870006,"5":0.0105837509,"6":0.009951489,"7":0.0091876155,"8":0.0086784288,"9":0.0080784857,"10":0.00755024,"11":0.0071598911,"12":0.0066991821,"13":0.0062445863,"14":0.0058026034,"15":0.0055204164,"16":0.0052080788,"17":0.0048961975,"18":0.00457568,"19":0.0041983551,"20":0.0041253739,"21":0.0039372467,"22":0.0036374815,"23":0.0034572009,"24":0.003401208,"25":0.003165497,"26":0.0030395375,"27":0.0029872905,"28":0.0027145813,"29":0.0030268163},"hamming_loss":{"0":0.0087913517,"1":0.0047682393,"2":0.0044078315,"3":0.0040989108,"4":0.003875803,"5":0.0036326712,"6":0.0035196866,"7":0.0032350798,"8":0.0030891998,"9":0.0029075688,"10":0.0028131742,"11":0.0026172402,"12":0.0025700438,"13":0.0023412143,"14":0.0021109534,"15":0.0020623277,"16":0.0019107281,"17":0.0018191962,"18":0.0016976309,"19":0.0015417406,"20":0.0014487782,"21":0.001435906,"22":0.0012986091,"23":0.001224239,"24":0.0011613106,"25":0.0011298467,"26":0.001026873,"27":0.0010283035,"28":0.0009124584,"29":0.0010283029},"val_loss":{"0":0.0194714442,"1":0.0175547171,"2":0.0174205434,"3":0.016367266,"4":0.0160964411,"5":0.0159611031,"6":0.0167605523,"7":0.0179617777,"8":0.0172408093,"9":0.0172024481,"10":0.017729247,"11":0.0182117,"12":0.0182486959,"13":0.0187071525,"14":0.0186297223,"15":0.0196015034,"16":0.0202640668,"17":0.0213827677,"18":0.0213410333,"19":0.0214144494,"20":0.0221986286,"21":0.0225618482,"22":0.0226554573,"23":0.0232522078,"24":0.0244173501,"25":0.0239574444,"26":0.0246088188,"27":0.0265341271,"28":0.0263682362,"29":0.0267228875},"val_hamming_loss":{"0":0.0055905203,"1":0.0051783156,"2":0.0050090174,"3":0.0046557002,"4":0.0046777828,"5":0.0045747315,"6":0.004791874,"7":0.0048654815,"8":0.0045747319,"9":0.0047624311,"10":0.0046152151,"11":0.004924369,"12":0.0045820912,"13":0.0045673708,"14":0.0046888227,"15":0.0047109062,"16":0.0046704216,"17":0.0047697914,"18":0.0047881948,"19":0.0046409783,"20":0.0047771526,"21":0.0047035455,"22":0.004703545,"23":0.0049611721,"24":0.0048912438,"25":0.0046630609,"26":0.0046741022,"27":0.0050973459,"28":0.004813957,"29":0.0047293063}}