{"loss":{"0":0.047775209,"1":0.0285937786,"2":0.026438091,"3":0.0256121475,"4":0.0250562876,"5":0.0243886355,"6":0.0239442848,"7":0.0233850628,"8":0.0233163815,"9":0.0227894578,"10":0.0225282349,"11":0.0221963823,"12":0.0219145045,"13":0.0217646994,"14":0.0213926174,"15":0.0211260505,"16":0.0209448263,"17":0.0207880344,"18":0.0205645319,"19":0.0202503633,"20":0.0201871563,"21":0.0199245866,"22":0.0198082477,"23":0.0195778534,"24":0.0195100829,"25":0.019366635,"26":0.0190244503,"27":0.0190451369,"28":0.0189202074,"29":0.0186858457},"hamming_loss":{"0":0.0118433665,"1":0.0079575526,"2":0.0076429127,"3":0.0074684275,"4":0.0073254113,"5":0.0071895435,"6":0.0071008708,"7":0.0069592833,"8":0.0069993269,"9":0.0068863472,"10":0.0068591712,"11":0.0068520228,"12":0.0066947006,"13":0.0066904072,"14":0.0065960167,"15":0.0065831416,"16":0.0065888665,"17":0.0065159258,"18":0.0064758831,"19":0.0064100907,"20":0.0064115236,"21":0.0063657546,"22":0.0063457331,"23":0.0062341788,"24":0.0062012849,"25":0.0062971092,"26":0.0062012877,"27":0.0061655319,"28":0.0061912709,"29":0.0060897325},"val_loss":{"0":0.0303709824,"1":0.0291055813,"2":0.0272387601,"3":0.0271207243,"4":0.0261441302,"5":0.0268715657,"6":0.02606076,"7":0.0269338805,"8":0.0265214685,"9":0.0264814962,"10":0.0262693446,"11":0.0256601609,"12":0.0261048861,"13":0.0255496614,"14":0.0251960102,"15":0.0260440186,"16":0.0261811148,"17":0.0255554188,"18":0.025703188,"19":0.0255401451,"20":0.0253143888,"21":0.0260989666,"22":0.0263528619,"23":0.0256439131,"24":0.0265781339,"25":0.0257379375,"26":0.0260272585,"27":0.0271865577,"28":0.0258773193,"29":0.0264905374},"val_hamming_loss":{"0":0.0077472283,"1":0.0078208391,"2":0.007254058,"3":0.0072835009,"4":0.0070258733,"5":0.0072687794,"6":0.0071178833,"7":0.007327667,"8":0.0069890693,"9":0.0073276651,"10":0.0071841292,"11":0.007044273,"12":0.0072098915,"13":0.0069007408,"14":0.0068786577,"15":0.0070663579,"16":0.006900738,"17":0.0068639363,"18":0.0068013682,"19":0.0068271291,"20":0.0067866486,"21":0.0068565747,"22":0.0068087303,"23":0.0067535201,"24":0.0070700371,"25":0.0068712952,"26":0.0069191414,"27":0.0073203049,"28":0.0067351214,"29":0.0068381722}}