{"PCA":{"Constant Threshold":0.0050826249,"Learned Threshold":0.0093555629},"Autoencoder":{"Constant Threshold":0.0070994811,"Learned Threshold":0.0123661256}}