{"PCA":{"Constant Threshold":0.005233521,"Learned Threshold":0.0063781237},"Autoencoder":{"Constant Threshold":0.0071068419,"Learned Threshold":0.007817158}}